,Accuracy,F1,CV_mean,CV_std,Shuffle_mean,Shuffle_std
TF-IDF,0.9518072289156626,0.9516668070884938,0.9209879918703449,0.024142002682897068,0.8965861507191212,0.018972713254584224
Word2Vec,0.4939759036144578,0.3266614846482705,0.44099183611378734,0.21531700556090805,0.2890615658655142,0.03377252323800788
BERT,0.963855421686747,0.963855421686747,0.947694193650548,0.023164393860463452,0.9448900630586079,0.012952239112710286
