,Accuracy,F1,CV_mean,CV_std,Shuffle_mean,Shuffle_std
TF-IDF,0.9833333333333333,0.9833287024173383,0.9214012041598248,0.04739688596291581,0.8342177835399616,0.059391404550903505
Word2Vec,0.8833333333333333,0.883300916921367,0.7764776674937965,0.0925174779372894,0.2483975150435132,0.03518600786842101
BERT,0.9833333333333333,0.9833287024173383,0.9856960408684546,0.017518700586955045,0.9761991014204925,0.015024617653724814
