,Accuracy,F1,CV_mean,CV_std,Shuffle_mean,Shuffle_std
TF-IDF,1.0,1.0,0.917380110401932,0.060311099804930476,0.9042256084126775,0.03365457804117135
Word2Vec,0.4927536231884058,0.32531307161953005,0.45373655913978495,0.2408064516129032,0.29267736855918114,0.016546765579359208
BERT,0.9420289855072463,0.9420289855072463,0.943108504398827,0.03138058295559464,0.9250289287469536,0.010182739339317895
