,Accuracy,F1,CV_mean,CV_std,Shuffle_mean,Shuffle_std
TF-IDF,0.8695652173913043,0.8684057971014493,0.9311459950549136,0.03647283589637838,0.8394637130607505,0.07979768860631711
Word2Vec,0.4927536231884058,0.32531307161953005,0.43550030216696883,0.20433393766727098,0.46784350341617503,0.2751031502465703
BERT,0.9420289855072463,0.9419557897818768,0.868709017585547,0.07512325141451066,0.8497713426110802,0.042974137824247076
